order_id,product_id,country,phone_number,payment_mode,signup_date,amount,status,errors
ORD02001,PROD02001,Singapore,87654321,Credit Card,15-06-2024,3001,VALID,
ORD02002,PROD02002,India,9876543210,Debit Card,15-06-2024,3002,VALID,
ORD02003,PROD02003,Singapore,87654321,Cash,15-06-2024,3003,VALID,
ORD02004,PROD02004,India,9876543210,Net Banking,15-06-2024,3004,VALID,
ORD02005,PROD02005,Singapore,87654321,UPI,15-06-2024,3005,VALID,
ORD02006,PROD02006,India,9876543210,Credit Card,15-06-2024,3006,VALID,
ORD02007,PROD02007,Singapore,87654321,Debit Card,15-06-2024,3007,VALID,
ORD02008,PROD02008,India,9876543210,Cash,15-06-2024,3008,VALID,
ORD02009,PROD02009,Singapore,87654321,Net Banking,15-06-2024,3009,VALID,
ORD02010,PROD02010,India,9876543210,UPI,15-06-2024,3010,VALID,
ORD02011,PROD02011,Singapore,87654321,Credit Card,15-06-2024,3011,VALID,
ORD02012,PROD02012,India,9876543210,Debit Card,15-06-2024,3012,VALID,
ORD02013,PROD02013,Singapore,87654321,Cash,15-06-2024,3013,VALID,
ORD02014,PROD02014,India,9876543210,Net Banking,15-06-2024,3014,VALID,
ORD02015,PROD02015,Singapore,87654321,UPI,15-06-2024,3015,VALID,
ORD02016,PROD02016,India,9876543210,Credit Card,15-06-2024,3016,VALID,
ORD02017,PROD02017,Singapore,87654321,Debit Card,15-06-2024,3017,VALID,
ORD02018,PROD02018,India,9876543210,Cash,15-06-2024,3018,VALID,
ORD02019,PROD02019,Singapore,87654321,Net Banking,15-06-2024,3019,VALID,
ORD02020,PROD02020,India,9876543210,UPI,15-06-2024,3020,VALID,
ORD02021,PROD02021,Singapore,87654321,Credit Card,15-06-2024,3021,VALID,
ORD02022,PROD02022,India,9876543210,Debit Card,15-06-2024,3022,VALID,
ORD02023,PROD02023,Singapore,87654321,Cash,15-06-2024,3023,VALID,
ORD02024,PROD02024,India,9876543210,Net Banking,15-06-2024,3024,VALID,
ORD02025,PROD02025,Singapore,87654321,UPI,15-06-2024,3025,VALID,
ORD02026,PROD02026,India,9876543210,Credit Card,15-06-2024,3026,VALID,
ORD02027,PROD02027,Singapore,87654321,Debit Card,15-06-2024,3027,VALID,
ORD02028,PROD02028,India,9876543210,Cash,15-06-2024,3028,VALID,
ORD02029,PROD02029,Singapore,87654321,Net Banking,15-06-2024,3029,VALID,
ORD02030,PROD02030,India,9876543210,UPI,15-06-2024,3030,VALID,
ORD02031,PROD02031,Singapore,87654321,Credit Card,15-06-2024,3031,VALID,
ORD02032,PROD02032,India,9876543210,Debit Card,15-06-2024,3032,VALID,
ORD02033,PROD02033,Singapore,87654321,Cash,15-06-2024,3033,VALID,
ORD02034,PROD02034,India,9876543210,Net Banking,15-06-2024,3034,VALID,
ORD02035,PROD02035,Singapore,87654321,UPI,15-06-2024,3035,VALID,
ORD02036,PROD02036,India,9876543210,Credit Card,15-06-2024,3036,VALID,
ORD02037,PROD02037,Singapore,87654321,Debit Card,15-06-2024,3037,VALID,
ORD02038,PROD02038,India,9876543210,Cash,15-06-2024,3038,VALID,
ORD02039,PROD02039,Singapore,87654321,Net Banking,15-06-2024,3039,VALID,
ORD02040,PROD02040,India,9876543210,UPI,15-06-2024,3040,VALID,
ORD02041,PROD02041,Singapore,87654321,Credit Card,15-06-2024,3041,VALID,
ORD02042,PROD02042,India,9876543210,Debit Card,15-06-2024,3042,VALID,
ORD02043,PROD02043,Singapore,87654321,Cash,15-06-2024,3043,VALID,
ORD02044,PROD02044,India,9876543210,Net Banking,15-06-2024,3044,VALID,
ORD02045,PROD02045,Singapore,87654321,UPI,15-06-2024,3045,VALID,
ORD02046,PROD02046,India,9876543210,Credit Card,15-06-2024,3046,VALID,
ORD02047,PROD02047,Singapore,87654321,Debit Card,15-06-2024,3047,VALID,
ORD02048,PROD02048,India,9876543210,Cash,15-06-2024,3048,VALID,
ORD02049,PROD02049,Singapore,87654321,Net Banking,15-06-2024,3049,VALID,
ORD02050,PROD02050,India,9876543210,UPI,15-06-2024,3050,VALID,
ORD02051,PROD02051,Singapore,87654321,Credit Card,15-06-2024,3051,VALID,
ORD02052,PROD02052,India,9876543210,Debit Card,15-06-2024,3052,VALID,
ORD02053,PROD02053,Singapore,87654321,Cash,15-06-2024,3053,VALID,
ORD02054,PROD02054,India,9876543210,Net Banking,15-06-2024,3054,VALID,
ORD02055,PROD02055,Singapore,87654321,UPI,15-06-2024,3055,VALID,
ORD02056,PROD02056,India,9876543210,Credit Card,15-06-2024,3056,VALID,
ORD02057,PROD02057,Singapore,87654321,Debit Card,15-06-2024,3057,VALID,
ORD02058,PROD02058,India,9876543210,Cash,15-06-2024,3058,VALID,
ORD02059,PROD02059,Singapore,87654321,Net Banking,15-06-2024,3059,VALID,
ORD02060,PROD02060,India,9876543210,UPI,15-06-2024,3060,VALID,
ORD02061,PROD02061,Singapore,87654321,Credit Card,15-06-2024,3061,VALID,
ORD02062,PROD02062,India,9876543210,Debit Card,15-06-2024,3062,VALID,
ORD02063,PROD02063,Singapore,87654321,Cash,15-06-2024,3063,VALID,
ORD02064,PROD02064,India,9876543210,Net Banking,15-06-2024,3064,VALID,
ORD02065,PROD02065,Singapore,87654321,UPI,15-06-2024,3065,VALID,
ORD02066,PROD02066,India,9876543210,Credit Card,15-06-2024,3066,VALID,
ORD02067,PROD02067,Singapore,87654321,Debit Card,15-06-2024,3067,VALID,
ORD02068,PROD02068,India,9876543210,Cash,15-06-2024,3068,VALID,
ORD02069,PROD02069,Singapore,87654321,Net Banking,15-06-2024,3069,VALID,
ORD02070,PROD02070,India,9876543210,UPI,15-06-2024,3070,VALID,
ORD02071,PROD02071,Singapore,87654321,Credit Card,15-06-2024,3071,VALID,
ORD02072,PROD02072,India,9876543210,Debit Card,15-06-2024,3072,VALID,
ORD02073,PROD02073,Singapore,87654321,Cash,15-06-2024,3073,VALID,
ORD02074,PROD02074,India,9876543210,Net Banking,15-06-2024,3074,VALID,
ORD02075,PROD02075,Singapore,87654321,UPI,15-06-2024,3075,VALID,
ORD02076,PROD02076,India,9876543210,Credit Card,15-06-2024,3076,VALID,
ORD02077,PROD02077,Singapore,87654321,Debit Card,15-06-2024,3077,VALID,
ORD02078,PROD02078,India,9876543210,Cash,15-06-2024,3078,VALID,
ORD02079,PROD02079,Singapore,87654321,Net Banking,15-06-2024,3079,VALID,
ORD02080,PROD02080,India,9876543210,UPI,15-06-2024,3080,VALID,
ORD02081,PROD02081,Singapore,87654321,Credit Card,15-06-2024,3081,VALID,
ORD02082,PROD02082,India,9876543210,Debit Card,15-06-2024,3082,VALID,
ORD02083,PROD02083,Singapore,87654321,Cash,15-06-2024,3083,VALID,
ORD02084,PROD02084,India,9876543210,Net Banking,15-06-2024,3084,VALID,
ORD02085,PROD02085,Singapore,87654321,UPI,15-06-2024,3085,VALID,
ORD02086,PROD02086,India,9876543210,Credit Card,15-06-2024,3086,VALID,
ORD02087,PROD02087,Singapore,87654321,Debit Card,15-06-2024,3087,VALID,
ORD02088,PROD02088,India,9876543210,Cash,15-06-2024,3088,VALID,
ORD02089,PROD02089,Singapore,87654321,Net Banking,15-06-2024,3089,VALID,
ORD02090,PROD02090,India,9876543210,UPI,15-06-2024,3090,VALID,
ORD02091,PROD02091,Singapore,87654321,Credit Card,15-06-2024,3091,VALID,
ORD02092,PROD02092,India,9876543210,Debit Card,15-06-2024,3092,VALID,
ORD02093,PROD02093,Singapore,87654321,Cash,15-06-2024,3093,VALID,
ORD02094,PROD02094,India,9876543210,Net Banking,15-06-2024,3094,VALID,
ORD02095,PROD02095,Singapore,87654321,UPI,15-06-2024,3095,VALID,
ORD02096,PROD02096,India,9876543210,Credit Card,15-06-2024,3096,VALID,
ORD02097,PROD02097,Singapore,87654321,Debit Card,15-06-2024,3097,VALID,
ORD02098,PROD02098,India,9876543210,Cash,15-06-2024,3098,VALID,
ORD02099,PROD02099,Singapore,87654321,Net Banking,15-06-2024,3099,VALID,
ORD02100,PROD02100,India,9876543210,UPI,15-06-2024,3100,VALID,
ORD02101,PROD02101,Singapore,87654321,Credit Card,15-06-2024,3101,VALID,
ORD02102,PROD02102,India,9876543210,Debit Card,15-06-2024,3102,VALID,
ORD02103,PROD02103,Singapore,87654321,Cash,15-06-2024,3103,VALID,
ORD02104,PROD02104,India,9876543210,Net Banking,15-06-2024,3104,VALID,
ORD02105,PROD02105,Singapore,87654321,UPI,15-06-2024,3105,VALID,
ORD02106,PROD02106,India,9876543210,Credit Card,15-06-2024,3106,VALID,
ORD02107,PROD02107,Singapore,87654321,Debit Card,15-06-2024,3107,VALID,
ORD02108,PROD02108,India,9876543210,Cash,15-06-2024,3108,VALID,
ORD02109,PROD02109,Singapore,87654321,Net Banking,15-06-2024,3109,VALID,
ORD02110,PROD02110,India,9876543210,UPI,15-06-2024,3110,VALID,
ORD02111,PROD02111,Singapore,87654321,Credit Card,15-06-2024,3111,VALID,
ORD02112,PROD02112,India,9876543210,Debit Card,15-06-2024,3112,VALID,
ORD02113,PROD02113,Singapore,87654321,Cash,15-06-2024,3113,VALID,
ORD02114,PROD02114,India,9876543210,Net Banking,15-06-2024,3114,VALID,
ORD02115,PROD02115,Singapore,87654321,UPI,15-06-2024,3115,VALID,
ORD02116,PROD02116,India,9876543210,Credit Card,15-06-2024,3116,VALID,
ORD02117,PROD02117,Singapore,87654321,Debit Card,15-06-2024,3117,VALID,
ORD02118,PROD02118,India,9876543210,Cash,15-06-2024,3118,VALID,
ORD02119,PROD02119,Singapore,87654321,Net Banking,15-06-2024,3119,VALID,
ORD02120,PROD02120,India,9876543210,UPI,15-06-2024,3120,VALID,
ORD02121,PROD02121,Singapore,87654321,Credit Card,15-06-2024,3121,VALID,
ORD02122,PROD02122,India,9876543210,Debit Card,15-06-2024,3122,VALID,
ORD02123,PROD02123,Singapore,87654321,Cash,15-06-2024,3123,VALID,
ORD02124,PROD02124,India,9876543210,Net Banking,15-06-2024,3124,VALID,
ORD02125,PROD02125,Singapore,87654321,UPI,15-06-2024,3125,VALID,
ORD02126,PROD02126,India,9876543210,Credit Card,15-06-2024,3126,VALID,
ORD02127,PROD02127,Singapore,87654321,Debit Card,15-06-2024,3127,VALID,
ORD02128,PROD02128,India,9876543210,Cash,15-06-2024,3128,VALID,
ORD02129,PROD02129,Singapore,87654321,Net Banking,15-06-2024,3129,VALID,
ORD02130,PROD02130,India,9876543210,UPI,15-06-2024,3130,VALID,
ORD02131,PROD02131,Singapore,87654321,Credit Card,15-06-2024,3131,VALID,
ORD02132,PROD02132,India,9876543210,Debit Card,15-06-2024,3132,VALID,
ORD02133,PROD02133,Singapore,87654321,Cash,15-06-2024,3133,VALID,
ORD02134,PROD02134,India,9876543210,Net Banking,15-06-2024,3134,VALID,
ORD02135,PROD02135,Singapore,87654321,UPI,15-06-2024,3135,VALID,
ORD02136,PROD02136,India,9876543210,Credit Card,15-06-2024,3136,VALID,
ORD02137,PROD02137,Singapore,87654321,Debit Card,15-06-2024,3137,VALID,
ORD02138,PROD02138,India,9876543210,Cash,15-06-2024,3138,VALID,
ORD02139,PROD02139,Singapore,87654321,Net Banking,15-06-2024,3139,VALID,
ORD02140,PROD02140,India,9876543210,UPI,15-06-2024,3140,VALID,
ORD02141,PROD02141,Singapore,87654321,Credit Card,15-06-2024,3141,VALID,
ORD02142,PROD02142,India,9876543210,Debit Card,15-06-2024,3142,VALID,
ORD02143,PROD02143,Singapore,87654321,Cash,15-06-2024,3143,VALID,
ORD02144,PROD02144,India,9876543210,Net Banking,15-06-2024,3144,VALID,
ORD02145,PROD02145,Singapore,87654321,UPI,15-06-2024,3145,VALID,
ORD02146,PROD02146,India,9876543210,Credit Card,15-06-2024,3146,VALID,
ORD02147,PROD02147,Singapore,87654321,Debit Card,15-06-2024,3147,VALID,
ORD02148,PROD02148,India,9876543210,Cash,15-06-2024,3148,VALID,
ORD02149,PROD02149,Singapore,87654321,Net Banking,15-06-2024,3149,VALID,
ORD02150,PROD02150,India,9876543210,UPI,15-06-2024,3150,VALID,
ORD02151,PROD02151,Singapore,87654321,Credit Card,15-06-2024,3151,VALID,
ORD02152,PROD02152,India,9876543210,Debit Card,15-06-2024,3152,VALID,
ORD02153,PROD02153,Singapore,87654321,Cash,15-06-2024,3153,VALID,
ORD02154,PROD02154,India,9876543210,Net Banking,15-06-2024,3154,VALID,
ORD02155,PROD02155,Singapore,87654321,UPI,15-06-2024,3155,VALID,
ORD02156,PROD02156,India,9876543210,Credit Card,15-06-2024,3156,VALID,
ORD02157,PROD02157,Singapore,87654321,Debit Card,15-06-2024,3157,VALID,
ORD02158,PROD02158,India,9876543210,Cash,15-06-2024,3158,VALID,
ORD02159,PROD02159,Singapore,87654321,Net Banking,15-06-2024,3159,VALID,
ORD02160,PROD02160,India,9876543210,UPI,15-06-2024,3160,VALID,
ORD02161,PROD02161,Singapore,87654321,Credit Card,15-06-2024,3161,VALID,
ORD02162,PROD02162,India,9876543210,Debit Card,15-06-2024,3162,VALID,
ORD02163,PROD02163,Singapore,87654321,Cash,15-06-2024,3163,VALID,
ORD02164,PROD02164,India,9876543210,Net Banking,15-06-2024,3164,VALID,
ORD02165,PROD02165,Singapore,87654321,UPI,15-06-2024,3165,VALID,
ORD02166,PROD02166,India,9876543210,Credit Card,15-06-2024,3166,VALID,
ORD02167,PROD02167,Singapore,87654321,Debit Card,15-06-2024,3167,VALID,
ORD02168,PROD02168,India,9876543210,Cash,15-06-2024,3168,VALID,
ORD02169,PROD02169,Singapore,87654321,Net Banking,15-06-2024,3169,VALID,
ORD02170,PROD02170,India,9876543210,UPI,15-06-2024,3170,VALID,
ORD02171,PROD02171,Singapore,87654321,Credit Card,15-06-2024,3171,VALID,
ORD02172,PROD02172,India,9876543210,Debit Card,15-06-2024,3172,VALID,
ORD02173,PROD02173,Singapore,87654321,Cash,15-06-2024,3173,VALID,
ORD02174,PROD02174,India,9876543210,Net Banking,15-06-2024,3174,VALID,
ORD02175,PROD02175,Singapore,87654321,UPI,15-06-2024,3175,VALID,
ORD02176,PROD02176,India,9876543210,Credit Card,15-06-2024,3176,VALID,
ORD02177,PROD02177,Singapore,87654321,Debit Card,15-06-2024,3177,VALID,
ORD02178,PROD02178,India,9876543210,Cash,15-06-2024,3178,VALID,
ORD02179,PROD02179,Singapore,87654321,Net Banking,15-06-2024,3179,VALID,
ORD02180,PROD02180,India,9876543210,UPI,15-06-2024,3180,VALID,
ORD02181,PROD02181,Singapore,87654321,Credit Card,15-06-2024,3181,VALID,
ORD02182,PROD02182,India,9876543210,Debit Card,15-06-2024,3182,VALID,
ORD02183,PROD02183,Singapore,87654321,Cash,15-06-2024,3183,VALID,
ORD02184,PROD02184,India,9876543210,Net Banking,15-06-2024,3184,VALID,
ORD02185,PROD02185,Singapore,87654321,UPI,15-06-2024,3185,VALID,
ORD02186,PROD02186,India,9876543210,Credit Card,15-06-2024,3186,VALID,
ORD02187,PROD02187,Singapore,87654321,Debit Card,15-06-2024,3187,VALID,
ORD02188,PROD02188,India,9876543210,Cash,15-06-2024,3188,VALID,
ORD02189,PROD02189,Singapore,87654321,Net Banking,15-06-2024,3189,VALID,
ORD02190,PROD02190,India,9876543210,UPI,15-06-2024,3190,VALID,
ORD02191,PROD02191,Singapore,87654321,Credit Card,15-06-2024,3191,VALID,
ORD02192,PROD02192,India,9876543210,Debit Card,15-06-2024,3192,VALID,
ORD02193,PROD02193,Singapore,87654321,Cash,15-06-2024,3193,VALID,
ORD02194,PROD02194,India,9876543210,Net Banking,15-06-2024,3194,VALID,
ORD02195,PROD02195,Singapore,87654321,UPI,15-06-2024,3195,VALID,
ORD02196,PROD02196,India,9876543210,Credit Card,15-06-2024,3196,VALID,
ORD02197,PROD02197,Singapore,87654321,Debit Card,15-06-2024,3197,VALID,
ORD02198,PROD02198,India,9876543210,Cash,15-06-2024,3198,VALID,
ORD02199,PROD02199,Singapore,87654321,Net Banking,15-06-2024,3199,VALID,
ORD02200,PROD02200,India,9876543210,UPI,15-06-2024,3200,VALID,
ORD02201,PROD02201,Singapore,87654321,Credit Card,15-06-2024,3201,VALID,
ORD02202,PROD02202,India,9876543210,Debit Card,15-06-2024,3202,VALID,
ORD02203,PROD02203,Singapore,87654321,Cash,15-06-2024,3203,VALID,
ORD02204,PROD02204,India,9876543210,Net Banking,15-06-2024,3204,VALID,
ORD02205,PROD02205,Singapore,87654321,UPI,15-06-2024,3205,VALID,
ORD02206,PROD02206,India,9876543210,Credit Card,15-06-2024,3206,VALID,
ORD02207,PROD02207,Singapore,87654321,Debit Card,15-06-2024,3207,VALID,
ORD02208,PROD02208,India,9876543210,Cash,15-06-2024,3208,VALID,
ORD02209,PROD02209,Singapore,87654321,Net Banking,15-06-2024,3209,VALID,
ORD02210,PROD02210,India,9876543210,UPI,15-06-2024,3210,VALID,
ORD02211,PROD02211,Singapore,87654321,Credit Card,15-06-2024,3211,VALID,
ORD02212,PROD02212,India,9876543210,Debit Card,15-06-2024,3212,VALID,
ORD02213,PROD02213,Singapore,87654321,Cash,15-06-2024,3213,VALID,
ORD02214,PROD02214,India,9876543210,Net Banking,15-06-2024,3214,VALID,
ORD02215,PROD02215,Singapore,87654321,UPI,15-06-2024,3215,VALID,
ORD02216,PROD02216,India,9876543210,Credit Card,15-06-2024,3216,VALID,
ORD02217,PROD02217,Singapore,87654321,Debit Card,15-06-2024,3217,VALID,
ORD02218,PROD02218,India,9876543210,Cash,15-06-2024,3218,VALID,
ORD02219,PROD02219,Singapore,87654321,Net Banking,15-06-2024,3219,VALID,
ORD02220,PROD02220,India,9876543210,UPI,15-06-2024,3220,VALID,
ORD02221,PROD02221,Singapore,87654321,Credit Card,15-06-2024,3221,VALID,
ORD02222,PROD02222,India,9876543210,Debit Card,15-06-2024,3222,VALID,
ORD02223,PROD02223,Singapore,87654321,Cash,15-06-2024,3223,VALID,
ORD02224,PROD02224,India,9876543210,Net Banking,15-06-2024,3224,VALID,
ORD02225,PROD02225,Singapore,87654321,UPI,15-06-2024,3225,VALID,
ORD02226,PROD02226,India,9876543210,Credit Card,15-06-2024,3226,VALID,
ORD02227,PROD02227,Singapore,87654321,Debit Card,15-06-2024,3227,VALID,
ORD02228,PROD02228,India,9876543210,Cash,15-06-2024,3228,VALID,
ORD02229,PROD02229,Singapore,87654321,Net Banking,15-06-2024,3229,VALID,
ORD02230,PROD02230,India,9876543210,UPI,15-06-2024,3230,VALID,
ORD02231,PROD02231,Singapore,87654321,Credit Card,15-06-2024,3231,VALID,
ORD02232,PROD02232,India,9876543210,Debit Card,15-06-2024,3232,VALID,
ORD02233,PROD02233,Singapore,87654321,Cash,15-06-2024,3233,VALID,
ORD02234,PROD02234,India,9876543210,Net Banking,15-06-2024,3234,VALID,
ORD02235,PROD02235,Singapore,87654321,UPI,15-06-2024,3235,VALID,
ORD02236,PROD02236,India,9876543210,Credit Card,15-06-2024,3236,VALID,
ORD02237,PROD02237,Singapore,87654321,Debit Card,15-06-2024,3237,VALID,
ORD02238,PROD02238,India,9876543210,Cash,15-06-2024,3238,VALID,
ORD02239,PROD02239,Singapore,87654321,Net Banking,15-06-2024,3239,VALID,
ORD02240,PROD02240,India,9876543210,UPI,15-06-2024,3240,VALID,
ORD02241,PROD02241,Singapore,87654321,Credit Card,15-06-2024,3241,VALID,
ORD02242,PROD02242,India,9876543210,Debit Card,15-06-2024,3242,VALID,
ORD02243,PROD02243,Singapore,87654321,Cash,15-06-2024,3243,VALID,
ORD02244,PROD02244,India,9876543210,Net Banking,15-06-2024,3244,VALID,
ORD02245,PROD02245,Singapore,87654321,UPI,15-06-2024,3245,VALID,
ORD02246,PROD02246,India,9876543210,Credit Card,15-06-2024,3246,VALID,
ORD02247,PROD02247,Singapore,87654321,Debit Card,15-06-2024,3247,VALID,
ORD02248,PROD02248,India,9876543210,Cash,15-06-2024,3248,VALID,
ORD02249,PROD02249,Singapore,87654321,Net Banking,15-06-2024,3249,VALID,
ORD02250,PROD02250,India,9876543210,UPI,15-06-2024,3250,VALID,
ORD02251,PROD02251,Singapore,87654321,Credit Card,15-06-2024,3251,VALID,
ORD02252,PROD02252,India,9876543210,Debit Card,15-06-2024,3252,VALID,
ORD02253,PROD02253,Singapore,87654321,Cash,15-06-2024,3253,VALID,
ORD02254,PROD02254,India,9876543210,Net Banking,15-06-2024,3254,VALID,
ORD02255,PROD02255,Singapore,87654321,UPI,15-06-2024,3255,VALID,
ORD02256,PROD02256,India,9876543210,Credit Card,15-06-2024,3256,VALID,
ORD02257,PROD02257,Singapore,87654321,Debit Card,15-06-2024,3257,VALID,
ORD02258,PROD02258,India,9876543210,Cash,15-06-2024,3258,VALID,
ORD02259,PROD02259,Singapore,87654321,Net Banking,15-06-2024,3259,VALID,
ORD02260,PROD02260,India,9876543210,UPI,15-06-2024,3260,VALID,
ORD02261,PROD02261,Singapore,87654321,Credit Card,15-06-2024,3261,VALID,
ORD02262,PROD02262,India,9876543210,Debit Card,15-06-2024,3262,VALID,
ORD02263,PROD02263,Singapore,87654321,Cash,15-06-2024,3263,VALID,
ORD02264,PROD02264,India,9876543210,Net Banking,15-06-2024,3264,VALID,
ORD02265,PROD02265,Singapore,87654321,UPI,15-06-2024,3265,VALID,
ORD02266,PROD02266,India,9876543210,Credit Card,15-06-2024,3266,VALID,
ORD02267,PROD02267,Singapore,87654321,Debit Card,15-06-2024,3267,VALID,
ORD02268,PROD02268,India,9876543210,Cash,15-06-2024,3268,VALID,
ORD02269,PROD02269,Singapore,87654321,Net Banking,15-06-2024,3269,VALID,
ORD02270,PROD02270,India,9876543210,UPI,15-06-2024,3270,VALID,
ORD02271,PROD02271,Singapore,87654321,Credit Card,15-06-2024,3271,VALID,
ORD02272,PROD02272,India,9876543210,Debit Card,15-06-2024,3272,VALID,
ORD02273,PROD02273,Singapore,87654321,Cash,15-06-2024,3273,VALID,
ORD02274,PROD02274,India,9876543210,Net Banking,15-06-2024,3274,VALID,
ORD02275,PROD02275,Singapore,87654321,UPI,15-06-2024,3275,VALID,
ORD02276,PROD02276,India,9876543210,Credit Card,15-06-2024,3276,VALID,
ORD02277,PROD02277,Singapore,87654321,Debit Card,15-06-2024,3277,VALID,
ORD02278,PROD02278,India,9876543210,Cash,15-06-2024,3278,VALID,
ORD02279,PROD02279,Singapore,87654321,Net Banking,15-06-2024,3279,VALID,
ORD02280,PROD02280,India,9876543210,UPI,15-06-2024,3280,VALID,
ORD02281,PROD02281,Singapore,87654321,Credit Card,15-06-2024,3281,VALID,
ORD02282,PROD02282,India,9876543210,Debit Card,15-06-2024,3282,VALID,
ORD02283,PROD02283,Singapore,87654321,Cash,15-06-2024,3283,VALID,
ORD02284,PROD02284,India,9876543210,Net Banking,15-06-2024,3284,VALID,
ORD02285,PROD02285,Singapore,87654321,UPI,15-06-2024,3285,VALID,
ORD02286,PROD02286,India,9876543210,Credit Card,15-06-2024,3286,VALID,
ORD02287,PROD02287,Singapore,87654321,Debit Card,15-06-2024,3287,VALID,
ORD02288,PROD02288,India,9876543210,Cash,15-06-2024,3288,VALID,
ORD02289,PROD02289,Singapore,87654321,Net Banking,15-06-2024,3289,VALID,
ORD02290,PROD02290,India,9876543210,UPI,15-06-2024,3290,VALID,
ORD02291,PROD02291,Singapore,87654321,Credit Card,15-06-2024,3291,VALID,
ORD02292,PROD02292,India,9876543210,Debit Card,15-06-2024,3292,VALID,
ORD02293,PROD02293,Singapore,87654321,Cash,15-06-2024,3293,VALID,
ORD02294,PROD02294,India,9876543210,Net Banking,15-06-2024,3294,VALID,
ORD02295,PROD02295,Singapore,87654321,UPI,15-06-2024,3295,VALID,
ORD02296,PROD02296,India,9876543210,Credit Card,15-06-2024,3296,VALID,
ORD02297,PROD02297,Singapore,87654321,Debit Card,15-06-2024,3297,VALID,
ORD02298,PROD02298,India,9876543210,Cash,15-06-2024,3298,VALID,
ORD02299,PROD02299,Singapore,87654321,Net Banking,15-06-2024,3299,VALID,
ORD02300,PROD02300,India,9876543210,UPI,15-06-2024,3300,VALID,
ORD02301,PROD02301,Singapore,87654321,Credit Card,15-06-2024,3301,VALID,
ORD02302,PROD02302,India,9876543210,Debit Card,15-06-2024,3302,VALID,
ORD02303,PROD02303,Singapore,87654321,Cash,15-06-2024,3303,VALID,
ORD02304,PROD02304,India,9876543210,Net Banking,15-06-2024,3304,VALID,
ORD02305,PROD02305,Singapore,87654321,UPI,15-06-2024,3305,VALID,
ORD02306,PROD02306,India,9876543210,Credit Card,15-06-2024,3306,VALID,
ORD02307,PROD02307,Singapore,87654321,Debit Card,15-06-2024,3307,VALID,
ORD02308,PROD02308,India,9876543210,Cash,15-06-2024,3308,VALID,
ORD02309,PROD02309,Singapore,87654321,Net Banking,15-06-2024,3309,VALID,
ORD02310,PROD02310,India,9876543210,UPI,15-06-2024,3310,VALID,
ORD02311,PROD02311,Singapore,87654321,Credit Card,15-06-2024,3311,VALID,
ORD02312,PROD02312,India,9876543210,Debit Card,15-06-2024,3312,VALID,
ORD02313,PROD02313,Singapore,87654321,Cash,15-06-2024,3313,VALID,
ORD02314,PROD02314,India,9876543210,Net Banking,15-06-2024,3314,VALID,
ORD02315,PROD02315,Singapore,87654321,UPI,15-06-2024,3315,VALID,
ORD02316,PROD02316,India,9876543210,Credit Card,15-06-2024,3316,VALID,
ORD02317,PROD02317,Singapore,87654321,Debit Card,15-06-2024,3317,VALID,
ORD02318,PROD02318,India,9876543210,Cash,15-06-2024,3318,VALID,
ORD02319,PROD02319,Singapore,87654321,Net Banking,15-06-2024,3319,VALID,
ORD02320,PROD02320,India,9876543210,UPI,15-06-2024,3320,VALID,
ORD02321,PROD02321,Singapore,87654321,Credit Card,15-06-2024,3321,VALID,
ORD02322,PROD02322,India,9876543210,Debit Card,15-06-2024,3322,VALID,
ORD02323,PROD02323,Singapore,87654321,Cash,15-06-2024,3323,VALID,
ORD02324,PROD02324,India,9876543210,Net Banking,15-06-2024,3324,VALID,
ORD02325,PROD02325,Singapore,87654321,UPI,15-06-2024,3325,VALID,
ORD02326,PROD02326,India,9876543210,Credit Card,15-06-2024,3326,VALID,
ORD02327,PROD02327,Singapore,87654321,Debit Card,15-06-2024,3327,VALID,
ORD02328,PROD02328,India,9876543210,Cash,15-06-2024,3328,VALID,
ORD02329,PROD02329,Singapore,87654321,Net Banking,15-06-2024,3329,VALID,
ORD02330,PROD02330,India,9876543210,UPI,15-06-2024,3330,VALID,
ORD02331,PROD02331,Singapore,87654321,Credit Card,15-06-2024,3331,VALID,
ORD02332,PROD02332,India,9876543210,Debit Card,15-06-2024,3332,VALID,
ORD02333,PROD02333,Singapore,87654321,Cash,15-06-2024,3333,VALID,
ORD02334,PROD02334,India,9876543210,Net Banking,15-06-2024,3334,VALID,
ORD02335,PROD02335,Singapore,87654321,UPI,15-06-2024,3335,VALID,
ORD02336,PROD02336,India,9876543210,Credit Card,15-06-2024,3336,VALID,
ORD02337,PROD02337,Singapore,87654321,Debit Card,15-06-2024,3337,VALID,
ORD02338,PROD02338,India,9876543210,Cash,15-06-2024,3338,VALID,
ORD02339,PROD02339,Singapore,87654321,Net Banking,15-06-2024,3339,VALID,
ORD02340,PROD02340,India,9876543210,UPI,15-06-2024,3340,VALID,
ORD02341,PROD02341,Singapore,87654321,Credit Card,15-06-2024,3341,VALID,
ORD02342,PROD02342,India,9876543210,Debit Card,15-06-2024,3342,VALID,
ORD02343,PROD02343,Singapore,87654321,Cash,15-06-2024,3343,VALID,
ORD02344,PROD02344,India,9876543210,Net Banking,15-06-2024,3344,VALID,
ORD02345,PROD02345,Singapore,87654321,UPI,15-06-2024,3345,VALID,
ORD02346,PROD02346,India,9876543210,Credit Card,15-06-2024,3346,VALID,
ORD02347,PROD02347,Singapore,87654321,Debit Card,15-06-2024,3347,VALID,
ORD02348,PROD02348,India,9876543210,Cash,15-06-2024,3348,VALID,
ORD02349,PROD02349,Singapore,87654321,Net Banking,15-06-2024,3349,VALID,
ORD02350,PROD02350,India,9876543210,UPI,15-06-2024,3350,VALID,
ORD02351,PROD02351,Singapore,87654321,Credit Card,15-06-2024,3351,VALID,
ORD02352,PROD02352,India,9876543210,Debit Card,15-06-2024,3352,VALID,
ORD02353,PROD02353,Singapore,87654321,Cash,15-06-2024,3353,VALID,
ORD02354,PROD02354,India,9876543210,Net Banking,15-06-2024,3354,VALID,
ORD02355,PROD02355,Singapore,87654321,UPI,15-06-2024,3355,VALID,
ORD02356,PROD02356,India,9876543210,Credit Card,15-06-2024,3356,VALID,
ORD02357,PROD02357,Singapore,87654321,Debit Card,15-06-2024,3357,VALID,
ORD02358,PROD02358,India,9876543210,Cash,15-06-2024,3358,VALID,
ORD02359,PROD02359,Singapore,87654321,Net Banking,15-06-2024,3359,VALID,
ORD02360,PROD02360,India,9876543210,UPI,15-06-2024,3360,VALID,
ORD02361,PROD02361,Singapore,87654321,Credit Card,15-06-2024,3361,VALID,
ORD02362,PROD02362,India,9876543210,Debit Card,15-06-2024,3362,VALID,
ORD02363,PROD02363,Singapore,87654321,Cash,15-06-2024,3363,VALID,
ORD02364,PROD02364,India,9876543210,Net Banking,15-06-2024,3364,VALID,
ORD02365,PROD02365,Singapore,87654321,UPI,15-06-2024,3365,VALID,
ORD02366,PROD02366,India,9876543210,Credit Card,15-06-2024,3366,VALID,
ORD02367,PROD02367,Singapore,87654321,Debit Card,15-06-2024,3367,VALID,
ORD02368,PROD02368,India,9876543210,Cash,15-06-2024,3368,VALID,
ORD02369,PROD02369,Singapore,87654321,Net Banking,15-06-2024,3369,VALID,
ORD02370,PROD02370,India,9876543210,UPI,15-06-2024,3370,VALID,
ORD02371,PROD02371,Singapore,87654321,Credit Card,15-06-2024,3371,VALID,
ORD02372,PROD02372,India,9876543210,Debit Card,15-06-2024,3372,VALID,
ORD02373,PROD02373,Singapore,87654321,Cash,15-06-2024,3373,VALID,
ORD02374,PROD02374,India,9876543210,Net Banking,15-06-2024,3374,VALID,
ORD02375,PROD02375,Singapore,87654321,UPI,15-06-2024,3375,VALID,
ORD02376,PROD02376,India,9876543210,Credit Card,15-06-2024,3376,VALID,
ORD02377,PROD02377,Singapore,87654321,Debit Card,15-06-2024,3377,VALID,
ORD02378,PROD02378,India,9876543210,Cash,15-06-2024,3378,VALID,
ORD02379,PROD02379,Singapore,87654321,Net Banking,15-06-2024,3379,VALID,
ORD02380,PROD02380,India,9876543210,UPI,15-06-2024,3380,VALID,
ORD02381,PROD02381,Singapore,87654321,Credit Card,15-06-2024,3381,VALID,
ORD02382,PROD02382,India,9876543210,Debit Card,15-06-2024,3382,VALID,
ORD02383,PROD02383,Singapore,87654321,Cash,15-06-2024,3383,VALID,
ORD02384,PROD02384,India,9876543210,Net Banking,15-06-2024,3384,VALID,
ORD02385,PROD02385,Singapore,87654321,UPI,15-06-2024,3385,VALID,
ORD02386,PROD02386,India,9876543210,Credit Card,15-06-2024,3386,VALID,
ORD02387,PROD02387,Singapore,87654321,Debit Card,15-06-2024,3387,VALID,
ORD02388,PROD02388,India,9876543210,Cash,15-06-2024,3388,VALID,
ORD02389,PROD02389,Singapore,87654321,Net Banking,15-06-2024,3389,VALID,
ORD02390,PROD02390,India,9876543210,UPI,15-06-2024,3390,VALID,
ORD02391,PROD02391,Singapore,87654321,Credit Card,15-06-2024,3391,VALID,
ORD02392,PROD02392,India,9876543210,Debit Card,15-06-2024,3392,VALID,
ORD02393,PROD02393,Singapore,87654321,Cash,15-06-2024,3393,VALID,
ORD02394,PROD02394,India,9876543210,Net Banking,15-06-2024,3394,VALID,
ORD02395,PROD02395,Singapore,87654321,UPI,15-06-2024,3395,VALID,
ORD02396,PROD02396,India,9876543210,Credit Card,15-06-2024,3396,VALID,
ORD02397,PROD02397,Singapore,87654321,Debit Card,15-06-2024,3397,VALID,
ORD02398,PROD02398,India,9876543210,Cash,15-06-2024,3398,VALID,
ORD02399,PROD02399,Singapore,87654321,Net Banking,15-06-2024,3399,VALID,
ORD02400,PROD02400,India,9876543210,UPI,15-06-2024,3400,VALID,
ORD02401,PROD02401,Singapore,87654321,Credit Card,15-06-2024,3401,VALID,
ORD02402,PROD02402,India,9876543210,Debit Card,15-06-2024,3402,VALID,
ORD02403,PROD02403,Singapore,87654321,Cash,15-06-2024,3403,VALID,
ORD02404,PROD02404,India,9876543210,Net Banking,15-06-2024,3404,VALID,
ORD02405,PROD02405,Singapore,87654321,UPI,15-06-2024,3405,VALID,
ORD02406,PROD02406,India,9876543210,Credit Card,15-06-2024,3406,VALID,
ORD02407,PROD02407,Singapore,87654321,Debit Card,15-06-2024,3407,VALID,
ORD02408,PROD02408,India,9876543210,Cash,15-06-2024,3408,VALID,
ORD02409,PROD02409,Singapore,87654321,Net Banking,15-06-2024,3409,VALID,
ORD02410,PROD02410,India,9876543210,UPI,15-06-2024,3410,VALID,
ORD02411,PROD02411,Singapore,87654321,Credit Card,15-06-2024,3411,VALID,
ORD02412,PROD02412,India,9876543210,Debit Card,15-06-2024,3412,VALID,
ORD02413,PROD02413,Singapore,87654321,Cash,15-06-2024,3413,VALID,
ORD02414,PROD02414,India,9876543210,Net Banking,15-06-2024,3414,VALID,
ORD02415,PROD02415,Singapore,87654321,UPI,15-06-2024,3415,VALID,
ORD02416,PROD02416,India,9876543210,Credit Card,15-06-2024,3416,VALID,
ORD02417,PROD02417,Singapore,87654321,Debit Card,15-06-2024,3417,VALID,
ORD02418,PROD02418,India,9876543210,Cash,15-06-2024,3418,VALID,
ORD02419,PROD02419,Singapore,87654321,Net Banking,15-06-2024,3419,VALID,
ORD02420,PROD02420,India,9876543210,UPI,15-06-2024,3420,VALID,
ORD02421,PROD02421,Singapore,87654321,Credit Card,15-06-2024,3421,VALID,
ORD02422,PROD02422,India,9876543210,Debit Card,15-06-2024,3422,VALID,
ORD02423,PROD02423,Singapore,87654321,Cash,15-06-2024,3423,VALID,
ORD02424,PROD02424,India,9876543210,Net Banking,15-06-2024,3424,VALID,
ORD02425,PROD02425,Singapore,87654321,UPI,15-06-2024,3425,VALID,
ORD02426,PROD02426,India,9876543210,Credit Card,15-06-2024,3426,VALID,
ORD02427,PROD02427,Singapore,87654321,Debit Card,15-06-2024,3427,VALID,
ORD02428,PROD02428,India,9876543210,Cash,15-06-2024,3428,VALID,
ORD02429,PROD02429,Singapore,87654321,Net Banking,15-06-2024,3429,VALID,
ORD02430,PROD02430,India,9876543210,UPI,15-06-2024,3430,VALID,
ORD02431,PROD02431,Singapore,87654321,Credit Card,15-06-2024,3431,VALID,
ORD02432,PROD02432,India,9876543210,Debit Card,15-06-2024,3432,VALID,
ORD02433,PROD02433,Singapore,87654321,Cash,15-06-2024,3433,VALID,
ORD02434,PROD02434,India,9876543210,Net Banking,15-06-2024,3434,VALID,
ORD02435,PROD02435,Singapore,87654321,UPI,15-06-2024,3435,VALID,
ORD02436,PROD02436,India,9876543210,Credit Card,15-06-2024,3436,VALID,
ORD02437,PROD02437,Singapore,87654321,Debit Card,15-06-2024,3437,VALID,
ORD02438,PROD02438,India,9876543210,Cash,15-06-2024,3438,VALID,
ORD02439,PROD02439,Singapore,87654321,Net Banking,15-06-2024,3439,VALID,
ORD02440,PROD02440,India,9876543210,UPI,15-06-2024,3440,VALID,
ORD02441,PROD02441,Singapore,87654321,Credit Card,15-06-2024,3441,VALID,
ORD02442,PROD02442,India,9876543210,Debit Card,15-06-2024,3442,VALID,
ORD02443,PROD02443,Singapore,87654321,Cash,15-06-2024,3443,VALID,
ORD02444,PROD02444,India,9876543210,Net Banking,15-06-2024,3444,VALID,
ORD02445,PROD02445,Singapore,87654321,UPI,15-06-2024,3445,VALID,
ORD02446,PROD02446,India,9876543210,Credit Card,15-06-2024,3446,VALID,
ORD02447,PROD02447,Singapore,87654321,Debit Card,15-06-2024,3447,VALID,
ORD02448,PROD02448,India,9876543210,Cash,15-06-2024,3448,VALID,
ORD02449,PROD02449,Singapore,87654321,Net Banking,15-06-2024,3449,VALID,
ORD02450,PROD02450,India,9876543210,UPI,15-06-2024,3450,VALID,
ORD02451,PROD02451,Singapore,87654321,Credit Card,15-06-2024,3451,VALID,
ORD02452,PROD02452,India,9876543210,Debit Card,15-06-2024,3452,VALID,
ORD02453,PROD02453,Singapore,87654321,Cash,15-06-2024,3453,VALID,
ORD02454,PROD02454,India,9876543210,Net Banking,15-06-2024,3454,VALID,
ORD02455,PROD02455,Singapore,87654321,UPI,15-06-2024,3455,VALID,
ORD02456,PROD02456,India,9876543210,Credit Card,15-06-2024,3456,VALID,
ORD02457,PROD02457,Singapore,87654321,Debit Card,15-06-2024,3457,VALID,
ORD02458,PROD02458,India,9876543210,Cash,15-06-2024,3458,VALID,
ORD02459,PROD02459,Singapore,87654321,Net Banking,15-06-2024,3459,VALID,
ORD02460,PROD02460,India,9876543210,UPI,15-06-2024,3460,VALID,
ORD02461,PROD02461,Singapore,87654321,Credit Card,15-06-2024,3461,VALID,
ORD02462,PROD02462,India,9876543210,Debit Card,15-06-2024,3462,VALID,
ORD02463,PROD02463,Singapore,87654321,Cash,15-06-2024,3463,VALID,
ORD02464,PROD02464,India,9876543210,Net Banking,15-06-2024,3464,VALID,
ORD02465,PROD02465,Singapore,87654321,UPI,15-06-2024,3465,VALID,
ORD02466,PROD02466,India,9876543210,Credit Card,15-06-2024,3466,VALID,
ORD02467,PROD02467,Singapore,87654321,Debit Card,15-06-2024,3467,VALID,
ORD02468,PROD02468,India,9876543210,Cash,15-06-2024,3468,VALID,
ORD02469,PROD02469,Singapore,87654321,Net Banking,15-06-2024,3469,VALID,
ORD02470,PROD02470,India,9876543210,UPI,15-06-2024,3470,VALID,
ORD02471,PROD02471,Singapore,87654321,Credit Card,15-06-2024,3471,VALID,
ORD02472,PROD02472,India,9876543210,Debit Card,15-06-2024,3472,VALID,
ORD02473,PROD02473,Singapore,87654321,Cash,15-06-2024,3473,VALID,
ORD02474,PROD02474,India,9876543210,Net Banking,15-06-2024,3474,VALID,
ORD02475,PROD02475,Singapore,87654321,UPI,15-06-2024,3475,VALID,
ORD02476,PROD02476,India,9876543210,Credit Card,15-06-2024,3476,VALID,
ORD02477,PROD02477,Singapore,87654321,Debit Card,15-06-2024,3477,VALID,
ORD02478,PROD02478,India,9876543210,Cash,15-06-2024,3478,VALID,
ORD02479,PROD02479,Singapore,87654321,Net Banking,15-06-2024,3479,VALID,
ORD02480,PROD02480,India,9876543210,UPI,15-06-2024,3480,VALID,
ORD02481,PROD02481,Singapore,87654321,Credit Card,15-06-2024,3481,VALID,
ORD02482,PROD02482,India,9876543210,Debit Card,15-06-2024,3482,VALID,
ORD02483,PROD02483,Singapore,87654321,Cash,15-06-2024,3483,VALID,
ORD02484,PROD02484,India,9876543210,Net Banking,15-06-2024,3484,VALID,
ORD02485,PROD02485,Singapore,87654321,UPI,15-06-2024,3485,VALID,
ORD02486,PROD02486,India,9876543210,Credit Card,15-06-2024,3486,VALID,
ORD02487,PROD02487,Singapore,87654321,Debit Card,15-06-2024,3487,VALID,
ORD02488,PROD02488,India,9876543210,Cash,15-06-2024,3488,VALID,
ORD02489,PROD02489,Singapore,87654321,Net Banking,15-06-2024,3489,VALID,
ORD02490,PROD02490,India,9876543210,UPI,15-06-2024,3490,VALID,
ORD02491,PROD02491,Singapore,87654321,Credit Card,15-06-2024,3491,VALID,
ORD02492,PROD02492,India,9876543210,Debit Card,15-06-2024,3492,VALID,
ORD02493,PROD02493,Singapore,87654321,Cash,15-06-2024,3493,VALID,
ORD02494,PROD02494,India,9876543210,Net Banking,15-06-2024,3494,VALID,
ORD02495,PROD02495,Singapore,87654321,UPI,15-06-2024,3495,VALID,
ORD02496,PROD02496,India,9876543210,Credit Card,15-06-2024,3496,VALID,
ORD02497,PROD02497,Singapore,87654321,Debit Card,15-06-2024,3497,VALID,
ORD02498,PROD02498,India,9876543210,Cash,15-06-2024,3498,VALID,
ORD02499,PROD02499,Singapore,87654321,Net Banking,15-06-2024,3499,VALID,
ORD02500,PROD02500,India,9876543210,UPI,15-06-2024,3500,VALID,